{
  "total_decisions": 10560,
  "run_count": 7,
  "model_count": 7,
  "condition_count": 4,
  "parse_success_rate": 0.8668560606060606,
  "parse_success_ci95_low": 0.8605089962121212,
  "parse_success_ci95_high": 0.8734848484848485,
  "parse_failure_rate": 0.13011363636363638,
  "baseline_center_rate": 0.3333333333333333,
  "center_selection_rate": 0.3983235358153712,
  "center_selection_ci95_low": 0.38874374047463534,
  "center_selection_ci95_high": 0.40801763553233183,
  "bootstrap_samples": 1000,
  "bootstrap_seed": 42,
  "frozen_seed": 42,
  "frozen_manifest": "configs/models.final.yaml",
  "frozen_manifest_sha256": "c3b07097d2ac732c28b67730a642c10b9572677e7cfde67ce35b80a95a99cfba",
  "error_sample_size": 10,
  "qualitative_error_count": 10,
  "counterfactual_label_sensitivity_rate": 0.47012302284710017,
  "mean_cross_model_agreement": 0.668447099132863,
  "mean_cross_model_instability": 0.5872030020477682,
  "assets_dir": "docs/figures"
}