{
  "total_decisions": 9216,
  "run_count": 5,
  "model_count": 7,
  "condition_count": 4,
  "parse_success_rate": 0.9828559027777778,
  "parse_success_ci95_low": 0.9802517361111112,
  "parse_success_ci95_high": 0.9855685763888888,
  "parse_failure_rate": 0.013671875,
  "baseline_center_rate": 0.33333333333333326,
  "center_selection_rate": 0.3972497249724973,
  "center_selection_ci95_low": 0.3880005500550055,
  "center_selection_ci95_high": 0.40726622662266226,
  "bootstrap_samples": 1000,
  "bootstrap_seed": 42,
  "frozen_seed": 42,
  "frozen_manifest": "configs/models.final.yaml",
  "frozen_manifest_sha256": "c3b07097d2ac732c28b67730a642c10b9572677e7cfde67ce35b80a95a99cfba",
  "error_sample_size": 10,
  "qualitative_error_count": 10,
  "counterfactual_label_sensitivity_rate": 0.46936056838365897,
  "mean_cross_model_agreement": 0.665729119871219,
  "mean_cross_model_instability": 0.5923204394095455,
  "assets_dir": "docs/figures"
}